{
  "batting": {
    "xba": {
      "mean": 0.24612623762376235,
      "stdDev": 0.02720251055234321
    },
    "xiso": {
      "mean": 0.1633712871287129,
      "stdDev": 0.055126119934960145
    },
    "avg_exit_vel": {
      "mean": 88.95519801980198,
      "stdDev": 2.1255383694947922
    },
    "barrel_rate": {
      "mean": 8.227475247524747,
      "stdDev": 4.2579206661103415
    },
    "chase_rate": {
      "mean": 28.976485148514833,
      "stdDev": 6.427045562489028
    },
    "whiff_rate": {
      "mean": 25.6470297029703,
      "stdDev": 6.169046730040888
    },
    "speed": {
      "mean": 27.273514851485167,
      "stdDev": 1.3727466163614241
    },
    "xwoba": {
      "mean": 0.3177797029702969,
      "stdDev": 0.03510605673901116
    }
  },
  "pitching": {
    "xba": {
      "mean": 0.2454724137931037,
      "stdDev": 0.03202957826179005
    },
    "xwoba": {
      "mean": 0.3192189655172415,
      "stdDev": 0.035568882583719444
    },
    "xiso": {
      "mean": 0.16180517241379308,
      "stdDev": 0.04200285754903538
    },
    "avg_exit_vel": {
      "mean": 88.87862068965511,
      "stdDev": 1.7578125127465771
    },
    "barrel_rate": {
      "mean": 7.920344827586206,
      "stdDev": 2.6395621434649486
    },
    "zone_rate": {
      "mean": 49.08793103448275,
      "stdDev": 3.247801306818024
    },
    "chase_rate": {
      "mean": 28.278275862068963,
      "stdDev": 3.802159707120303
    },
    "whiff_rate": {
      "mean": 25.689482758620677,
      "stdDev": 5.234086144026228
    },
    "fb_rate": {
      "mean": 55.78103448275863,
      "stdDev": 13.056101305957183
    },
    "fb_spin": {
      "mean": 2254.5689655172414,
      "stdDev": 153.53291569799507
    },
    "brk_rate": {
      "mean": 32.00192644483364,
      "stdDev": 14.845153257197047
    },
    "brk_spin": {
      "mean": 2435.504378283713,
      "stdDev": 247.2005746425442
    },
    "os_rate": {
      "mean": 14.89979797979799,
      "stdDev": 11.590861783412917
    },
    "os_spin": {
      "mean": 1705.8542510121458,
      "stdDev": 301.8254855782885
    }
  }
}